room,day_type,price_type,slot,amount
大集会室,平日,通常,午前,50000
大集会室,平日,通常,午前-午後,130000
大集会室,平日,通常,午後,80000
大集会室,平日,通常,午後-夜間,150000
大集会室,平日,通常,夜間,70000
大集会室,平日,通常,全日,180000
大集会室,平日,通常,延長30分,10000
控室1,平日,通常,午前,900
控室1,平日,通常,午前-午後,2300
控室1,平日,通常,午後,1400
控室1,平日,通常,午後-夜間,2700
控室1,平日,通常,夜間,1300
控室1,平日,通常,全日,3200
控室1,平日,通常,延長30分,200
控室2,平日,通常,午前,1800
控室2,平日,通常,午前-午後,4600
控室2,平日,通常,午後,2800
控室2,平日,通常,午後-夜間,5300
控室2,平日,通常,夜間,2500
控室2,平日,通常,全日,6400
控室2,平日,通常,延長30分,400
中集会室,平日,通常,午前,27300
中集会室,平日,通常,午前-午後,71000
中集会室,平日,通常,午後,43700
中集会室,平日,通常,午後-夜間,82000
中集会室,平日,通常,夜間,38300
中集会室,平日,通常,全日,98400
中集会室,平日,通常,延長30分,5500
小集会室,平日,通常,午前,13900
小集会室,平日,通常,午前-午後,36200
小集会室,平日,通常,午後,22300
小集会室,平日,通常,午後-夜間,41800
小集会室,平日,通常,夜間,19500
小集会室,平日,通常,全日,50200
小集会室,平日,通常,延長30分,2800
特別室,平日,通常,午前,23800
特別室,平日,通常,午前-午後,61900
特別室,平日,通常,午後,38100
特別室,平日,通常,午後-夜間,71500
特別室,平日,通常,夜間,33400
特別室,平日,通常,全日,85800
特別室,平日,通常,延長30分,4800
大会議室,平日,通常,午前,6800
大会議室,平日,通常,午前-午後,17700
大会議室,平日,通常,午後,10900
大会議室,平日,通常,午後-夜間,20400
大会議室,平日,通常,夜間,9500
大会議室,平日,通常,全日,24500
大会議室,平日,通常,延長30分,1400
第1会議室,平日,通常,午前,1600
第1会議室,平日,通常,午前-午後,4100
第1会議室,平日,通常,午後,2500
第1会議室,平日,通常,午後-夜間,4700
第1会議室,平日,通常,夜間,2200
第1会議室,平日,通常,全日,5700
第1会議室,平日,通常,延長30分,400
第2会議室,平日,通常,午前,1600
第2会議室,平日,通常,午前-午後,4100
第2会議室,平日,通常,午後,2500
第2会議室,平日,通常,午後-夜間,4700
第2会議室,平日,通常,夜間,2200
第2会議室,平日,通常,全日,5700
第2会議室,平日,通常,延長30分,400
第3会議室,平日,通常,午前,1600
第3会議室,平日,通常,午前-午後,4100
第3会議室,平日,通常,午後,2500
第3会議室,平日,通常,午後-夜間,4700
第3会議室,平日,通常,夜間,2200
第3会議室,平日,通常,全日,5700
第3会議室,平日,通常,延長30分,400
第4会議室,平日,通常,午前,2300
第4会議室,平日,通常,午前-午後,5900
第4会議室,平日,通常,午後,3600
第4会議室,平日,通常,午後-夜間,6800
第4会議室,平日,通常,夜間,3200
第4会議室,平日,通常,全日,8200
第4会議室,平日,通常,延長30分,500
第5会議室,平日,通常,午前,1600
第5会議室,平日,通常,午前-午後,4100
第5会議室,平日,通常,午後,2500
第5会議室,平日,通常,午後-夜間,4700
第5会議室,平日,通常,夜間,2200
第5会議室,平日,通常,全日,5700
第5会議室,平日,通常,延長30分,400
第6会議室,平日,通常,午前,1900
第6会議室,平日,通常,午前-午後,5000
第6会議室,平日,通常,午後,3100
第6会議室,平日,通常,午後-夜間,5800
第6会議室,平日,通常,夜間,2700
第6会議室,平日,通常,全日,6900
第6会議室,平日,通常,延長30分,400
第7会議室,平日,通常,午前,1300
第7会議室,平日,通常,午前-午後,3400
第7会議室,平日,通常,午後,2100
第7会議室,平日,通常,午後-夜間,4000
第7会議室,平日,通常,夜間,1900
第7会議室,平日,通常,全日,4800
第7会議室,平日,通常,延長30分,300
第8会議室,平日,通常,午前,1900
第8会議室,平日,通常,午前-午後,5000
第8会議室,平日,通常,午後,3100
第8会議室,平日,通常,午後-夜間,5800
第8会議室,平日,通常,夜間,2700
第8会議室,平日,通常,全日,6900
第8会議室,平日,通常,延長30分,400
第9会議室,平日,通常,午前,1300
第9会議室,平日,通常,午前-午後,3400
第9会議室,平日,通常,午後,2100
第9会議室,平日,通常,午後-夜間,4000
第9会議室,平日,通常,夜間,1900
第9会議室,平日,通常,全日,4800
第9会議室,平日,通常,延長30分,300
大集会室,土日祝,通常,午前,60000
大集会室,土日祝,通常,午前-午後,156000
大集会室,土日祝,通常,午後,96000
大集会室,土日祝,通常,午後-夜間,180000
大集会室,土日祝,通常,夜間,84000
大集会室,土日祝,通常,全日,216000
大集会室,土日祝,通常,延長30分,12000
控室1,土日祝,通常,午前,1080
控室1,土日祝,通常,午前-午後,2760
控室1,土日祝,通常,午後,1680
控室1,土日祝,通常,午後-夜間,3240
控室1,土日祝,通常,夜間,1560
控室1,土日祝,通常,全日,3840
控室1,土日祝,通常,延長30分,240
控室2,土日祝,通常,午前,2160
控室2,土日祝,通常,午前-午後,5520
控室2,土日祝,通常,午後,3360
控室2,土日祝,通常,午後-夜間,6360
控室2,土日祝,通常,夜間,3000
控室2,土日祝,通常,全日,7680
控室2,土日祝,通常,延長30分,480
中集会室,土日祝,通常,午前,32760
中集会室,土日祝,通常,午前-午後,85200
中集会室,土日祝,通常,午後,52440
中集会室,土日祝,通常,午後-夜間,98400
中集会室,土日祝,通常,夜間,45960
中集会室,土日祝,通常,全日,118080
中集会室,土日祝,通常,延長30分,6600
小集会室,土日祝,通常,午前,16680
小集会室,土日祝,通常,午前-午後,43440
小集会室,土日祝,通常,午後,26760
小集会室,土日祝,通常,午後-夜間,50160
小集会室,土日祝,通常,夜間,23400
小集会室,土日祝,通常,全日,60240
小集会室,土日祝,通常,延長30分,3360
特別室,土日祝,通常,午前,28560
特別室,土日祝,通常,午前-午後,74280
特別室,土日祝,通常,午後,45720
特別室,土日祝,通常,午後-夜間,85800
特別室,土日祝,通常,夜間,40080
特別室,土日祝,通常,全日,102960
特別室,土日祝,通常,延長30分,5760
大会議室,土日祝,通常,午前,8160
大会議室,土日祝,通常,午前-午後,21240
大会議室,土日祝,通常,午後,13080
大会議室,土日祝,通常,午後-夜間,24480
大会議室,土日祝,通常,夜間,11400
大会議室,土日祝,通常,全日,29400
大会議室,土日祝,通常,延長30分,1680
第1会議室,土日祝,通常,午前,1920
第1会議室,土日祝,通常,午前-午後,4920
第1会議室,土日祝,通常,午後,3000
第1会議室,土日祝,通常,午後-夜間,5640
第1会議室,土日祝,通常,夜間,2640
第1会議室,土日祝,通常,全日,6840
第1会議室,土日祝,通常,延長30分,480
第2会議室,土日祝,通常,午前,1920
第2会議室,土日祝,通常,午前-午後,4920
第2会議室,土日祝,通常,午後,3000
第2会議室,土日祝,通常,午後-夜間,5640
第2会議室,土日祝,通常,夜間,2640
第2会議室,土日祝,通常,全日,6840
第2会議室,土日祝,通常,延長30分,480
第3会議室,土日祝,通常,午前,1920
第3会議室,土日祝,通常,午前-午後,4920
第3会議室,土日祝,通常,午後,3000
第3会議室,土日祝,通常,午後-夜間,5640
第3会議室,土日祝,通常,夜間,2640
第3会議室,土日祝,通常,全日,6840
第3会議室,土日祝,通常,延長30分,480
第4会議室,土日祝,通常,午前,2760
第4会議室,土日祝,通常,午前-午後,7080
第4会議室,土日祝,通常,午後,4320
第4会議室,土日祝,通常,午後-夜間,8160
第4会議室,土日祝,通常,夜間,3840
第4会議室,土日祝,通常,全日,9840
第4会議室,土日祝,通常,延長30分,600
第5会議室,土日祝,通常,午前,1920
第5会議室,土日祝,通常,午前-午後,4920
第5会議室,土日祝,通常,午後,3000
第5会議室,土日祝,通常,午後-夜間,5640
第5会議室,土日祝,通常,夜間,2640
第5会議室,土日祝,通常,全日,6840
第5会議室,土日祝,通常,延長30分,480
第6会議室,土日祝,通常,午前,2280
第6会議室,土日祝,通常,午前-午後,6000
第6会議室,土日祝,通常,午後,3720
第6会議室,土日祝,通常,午後-夜間,6960
第6会議室,土日祝,通常,夜間,3240
第6会議室,土日祝,通常,全日,8280
第6会議室,土日祝,通常,延長30分,480
第7会議室,土日祝,通常,午前,1560
第7会議室,土日祝,通常,午前-午後,4080
第7会議室,土日祝,通常,午後,2520
第7会議室,土日祝,通常,午後-夜間,4800
第7会議室,土日祝,通常,夜間,2280
第7会議室,土日祝,通常,全日,5760
第7会議室,土日祝,通常,延長30分,360
第8会議室,土日祝,通常,午前,2280
第8会議室,土日祝,通常,午前-午後,6000
第8会議室,土日祝,通常,午後,3720
第8会議室,土日祝,通常,午後-夜間,6960
第8会議室,土日祝,通常,夜間,3240
第8会議室,土日祝,通常,全日,8280
第8会議室,土日祝,通常,延長30分,480
第9会議室,土日祝,通常,午前,1560
第9会議室,土日祝,通常,午前-午後,4080
第9会議室,土日祝,通常,午後,2520
第9会議室,土日祝,通常,午後-夜間,4800
第9会議室,土日祝,通常,夜間,2280
第9会議室,土日祝,通常,全日,5760
第9会議室,土日祝,通常,延長30分,360
大集会室,平日,割増,午前,75000
大集会室,平日,割増,午前-午後,195000
大集会室,平日,割増,午後,120000
大集会室,平日,割増,午後-夜間,225000
大集会室,平日,割増,夜間,105000
大集会室,平日,割増,全日,270000
大集会室,平日,割増,延長30分,15000
控室1,平日,割増,午前,1350
控室1,平日,割増,午前-午後,3450
控室1,平日,割増,午後,2100
控室1,平日,割増,午後-夜間,4050
控室1,平日,割増,夜間,1950
控室1,平日,割増,全日,4800
控室1,平日,割増,延長30分,300
控室2,平日,割増,午前,2700
控室2,平日,割増,午前-午後,6900
控室2,平日,割増,午後,4200
控室2,平日,割増,午後-夜間,7950
控室2,平日,割増,夜間,3750
控室2,平日,割増,全日,9600
控室2,平日,割増,延長30分,600
中集会室,平日,割増,午前,40950
中集会室,平日,割増,午前-午後,106500
中集会室,平日,割増,午後,65550
中集会室,平日,割増,午後-夜間,123000
中集会室,平日,割増,夜間,57450
中集会室,平日,割増,全日,147600
中集会室,平日,割増,延長30分,8250
小集会室,平日,割増,午前,20850
小集会室,平日,割増,午前-午後,54300
小集会室,平日,割増,午後,33450
小集会室,平日,割増,午後-夜間,62700
小集会室,平日,割増,夜間,29250
小集会室,平日,割増,全日,75300
小集会室,平日,割増,延長30分,4200
特別室,平日,割増,午前,35700
特別室,平日,割増,午前-午後,92850
特別室,平日,割増,午後,57150
特別室,平日,割増,午後-夜間,107250
特別室,平日,割増,夜間,50100
特別室,平日,割増,全日,128700
特別室,平日,割増,延長30分,7200
大会議室,平日,割増,午前,10200
大会議室,平日,割増,午前-午後,26550
大会議室,平日,割増,午後,16350
大会議室,平日,割増,午後-夜間,30600
大会議室,平日,割増,夜間,14250
大会議室,平日,割増,全日,36750
大会議室,平日,割増,延長30分,2100
第1会議室,平日,割増,午前,2400
第1会議室,平日,割増,午前-午後,6150
第1会議室,平日,割増,午後,3750
第1会議室,平日,割増,午後-夜間,7050
第1会議室,平日,割増,夜間,3300
第1会議室,平日,割増,全日,8550
第1会議室,平日,割増,延長30分,600
第2会議室,平日,割増,午前,2400
第2会議室,平日,割増,午前-午後,6150
第2会議室,平日,割増,午後,3750
第2会議室,平日,割増,午後-夜間,7050
第2会議室,平日,割増,夜間,3300
第2会議室,平日,割増,全日,8550
第2会議室,平日,割増,延長30分,600
第3会議室,平日,割増,午前,2400
第3会議室,平日,割増,午前-午後,6150
第3会議室,平日,割増,午後,3750
第3会議室,平日,割増,午後-夜間,7050
第3会議室,平日,割増,夜間,3300
第3会議室,平日,割増,全日,8550
第3会議室,平日,割増,延長30分,600
第4会議室,平日,割増,午前,3450
第4会議室,平日,割増,午前-午後,8850
第4会議室,平日,割増,午後,5400
第4会議室,平日,割増,午後-夜間,10200
第4会議室,平日,割増,夜間,4800
第4会議室,平日,割増,全日,12300
第4会議室,平日,割増,延長30分,750
第5会議室,平日,割増,午前,2400
第5会議室,平日,割増,午前-午後,6150
第5会議室,平日,割増,午後,3750
第5会議室,平日,割増,午後-夜間,7050
第5会議室,平日,割増,夜間,3300
第5会議室,平日,割増,全日,8550
第5会議室,平日,割増,延長30分,600
第6会議室,平日,割増,午前,2850
第6会議室,平日,割増,午前-午後,7500
第6会議室,平日,割増,午後,4650
第6会議室,平日,割増,午後-夜間,8700
第6会議室,平日,割増,夜間,4050
第6会議室,平日,割増,全日,10350
第6会議室,平日,割増,延長30分,600
第7会議室,平日,割増,午前,1950
第7会議室,平日,割増,午前-午後,5100
第7会議室,平日,割増,午後,3150
第7会議室,平日,割増,午後-夜間,6000
第7会議室,平日,割増,夜間,2850
第7会議室,平日,割増,全日,7200
第7会議室,平日,割増,延長30分,450
第8会議室,平日,割増,午前,2850
第8会議室,平日,割増,午前-午後,7500
第8会議室,平日,割増,午後,4650
第8会議室,平日,割増,午後-夜間,8700
第8会議室,平日,割増,夜間,4050
第8会議室,平日,割増,全日,10350
第8会議室,平日,割増,延長30分,600
第9会議室,平日,割増,午前,1950
第9会議室,平日,割増,午前-午後,5100
第9会議室,平日,割増,午後,3150
第9会議室,平日,割増,午後-夜間,6000
第9会議室,平日,割増,夜間,2850
第9会議室,平日,割増,全日,7200
第9会議室,平日,割増,延長30分,450
大集会室,土日祝,割増,午前,90000
大集会室,土日祝,割増,午前-午後,234000
大集会室,土日祝,割増,午後,144000
大集会室,土日祝,割増,午後-夜間,270000
大集会室,土日祝,割増,夜間,126000
大集会室,土日祝,割増,全日,324000
大集会室,土日祝,割増,延長30分,18000
控室1,土日祝,割増,午前,1620
控室1,土日祝,割増,午前-午後,4140
控室1,土日祝,割増,午後,2520
控室1,土日祝,割増,午後-夜間,4860
控室1,土日祝,割増,夜間,2340
控室1,土日祝,割増,全日,5760
控室1,土日祝,割増,延長30分,360
控室2,土日祝,割増,午前,3240
控室2,土日祝,割増,午前-午後,8280
控室2,土日祝,割増,午後,5040
控室2,土日祝,割増,午後-夜間,9540
控室2,土日祝,割増,夜間,4500
控室2,土日祝,割増,全日,11520
控室2,土日祝,割増,延長30分,720
中集会室,土日祝,割増,午前,49140
中集会室,土日祝,割増,午前-午後,127800
中集会室,土日祝,割増,午後,78660
中集会室,土日祝,割増,午後-夜間,147600
中集会室,土日祝,割増,夜間,68940
中集会室,土日祝,割増,全日,177120
中集会室,土日祝,割増,延長30分,9900
小集会室,土日祝,割増,午前,25020
小集会室,土日祝,割増,午前-午後,65160
小集会室,土日祝,割増,午後,40140
小集会室,土日祝,割増,午後-夜間,75240
小集会室,土日祝,割増,夜間,35100
小集会室,土日祝,割増,全日,90360
小集会室,土日祝,割増,延長30分,5040
特別室,土日祝,割増,午前,42840
特別室,土日祝,割増,午前-午後,111420
特別室,土日祝,割増,午後,68580
特別室,土日祝,割増,午後-夜間,128700
特別室,土日祝,割増,夜間,60120
特別室,土日祝,割増,全日,154440
特別室,土日祝,割増,延長30分,8640
大会議室,土日祝,割増,午前,12240
大会議室,土日祝,割増,午前-午後,31860
大会議室,土日祝,割増,午後,19620
大会議室,土日祝,割増,午後-夜間,36720
大会議室,土日祝,割増,夜間,17100
大会議室,土日祝,割増,全日,44100
大会議室,土日祝,割増,延長30分,2520
第1会議室,土日祝,割増,午前,2880
第1会議室,土日祝,割増,午前-午後,7380
第1会議室,土日祝,割増,午後,4500
第1会議室,土日祝,割増,午後-夜間,8460
第1会議室,土日祝,割増,夜間,3960
第1会議室,土日祝,割増,全日,10260
第1会議室,土日祝,割増,延長30分,720
第2会議室,土日祝,割増,午前,2880
第2会議室,土日祝,割増,午前-午後,7380
第2会議室,土日祝,割増,午後,4500
第2会議室,土日祝,割増,午後-夜間,8460
第2会議室,土日祝,割増,夜間,3960
第2会議室,土日祝,割増,全日,10260
第2会議室,土日祝,割増,延長30分,720
第3会議室,土日祝,割増,午前,2880
第3会議室,土日祝,割増,午前-午後,7380
第3会議室,土日祝,割増,午後,4500
第3会議室,土日祝,割増,午後-夜間,8460
第3会議室,土日祝,割増,夜間,3960
第3会議室,土日祝,割増,全日,10260
第3会議室,土日祝,割増,延長30分,720
第4会議室,土日祝,割増,午前,4140
第4会議室,土日祝,割増,午前-午後,10620
第4会議室,土日祝,割増,午後,6480
第4会議室,土日祝,割増,午後-夜間,12240
第4会議室,土日祝,割増,夜間,5760
第4会議室,土日祝,割増,全日,14760
第4会議室,土日祝,割増,延長30分,900
第5会議室,土日祝,割増,午前,2880
第5会議室,土日祝,割増,午前-午後,7380
第5会議室,土日祝,割増,午後,4500
第5会議室,土日祝,割増,午後-夜間,8460
第5会議室,土日祝,割増,夜間,3960
第5会議室,土日祝,割増,全日,10260
第5会議室,土日祝,割増,延長30分,720
第6会議室,土日祝,割増,午前,3420
第6会議室,土日祝,割増,午前-午後,9000
第6会議室,土日祝,割増,午後,5580
第6会議室,土日祝,割増,午後-夜間,10440
第6会議室,土日祝,割増,夜間,4860
第6会議室,土日祝,割増,全日,12420
第6会議室,土日祝,割増,延長30分,720
第7会議室,土日祝,割増,午前,2340
第7会議室,土日祝,割増,午前-午後,6120
第7会議室,土日祝,割増,午後,3780
第7会議室,土日祝,割増,午後-夜間,7200
第7会議室,土日祝,割増,夜間,3420
第7会議室,土日祝,割増,全日,8640
第7会議室,土日祝,割増,延長30分,540
第8会議室,土日祝,割増,午前,3420
第8会議室,土日祝,割増,午前-午後,9000
第8会議室,土日祝,割増,午後,5580
第8会議室,土日祝,割増,午後-夜間,10440
第8会議室,土日祝,割増,夜間,4860
第8会議室,土日祝,割増,全日,12420
第8会議室,土日祝,割増,延長30分,720
第9会議室,土日祝,割増,午前,2340
第9会議室,土日祝,割増,午前-午後,6120
第9会議室,土日祝,割増,午後,3780
第9会議室,土日祝,割増,午後-夜間,7200
第9会議室,土日祝,割増,夜間,3420
第9会議室,土日祝,割増,全日,8640
第9会議室,土日祝,割増,延長30分,540